<?xml version="1.0" encoding="UTF-8" standalone="yes"?>
<addon id="plugin.video.rocketbeanstvlive" version="2.1.4" name="Rocket Beans TV" provider-name="Jin, Ulukai, R.A.W.">
  <requires>
    <import addon="xbmc.python" version="2.14.0"/>
    <import addon="plugin.video.youtube" version="5.2.1"/>
  </requires>
  <extension
    point="xbmc.python.pluginsource"
    library="addon.py">
    <provides>video</provides>
  </extension>
  <extension point="xbmc.addon.metadata">
    <summary lang="de_de">Rocket Beans TV | 24/7 Entertainment</summary>
    <description lang="de_de">Rocket Beans TV ist Entertainment 24/7 zu digitalen Themen wie Filme, Games und Comedy.</description>
    <language>de</language>
    <platform>all</platform>
    <license>GNU GENERAL PUBLIC LICENSE. Version 2, June 1991</license>
  </extension>
</addon>
